model,family,macro_f1_mean,macro_f1_margin
convnext_large,ConvNeXt,88.25398890460298,0.21819874433301864
convnext_base,ConvNeXt,87.1633842437724,0.2861650403968905
convnext_tiny,ConvNeXt,86.78918619886653,0.261415588594718
convnext_small,ConvNeXt,86.46968214308849,0.2768165454690892
resnet152,ResNet,85.27729353739447,0.26964083206759315
resnet18,ResNet,85.07916843314906,0.25173587893181537
resnet34,ResNet,84.84746175039658,0.25152051542572745
resnet50,ResNet,84.53255215850045,0.2888151181007305
resnet101,ResNet,83.58685148618368,0.31742619360708074
dino_vitb16,DINO,83.08847061326928,0.3070204894464421
dino_vits8,DINO,82.9161915396284,0.3118869194234855
dino_vitb8,DINO,82.73282946617381,0.27158130268908653
vit_b_16,VisionTransformer,81.073555047198,0.3027397449581201
vit_l_32,VisionTransformer,80.77052086815492,0.2894584520537271
vgg13,VGG,80.64928336837977,0.3052869897892202
vit_b_32,VisionTransformer,79.33478742067702,0.3561941950758763
vgg11,VGG,78.60553358922567,0.27520587593034085
dinov2_vitl14,DINOv2,77.59618596174555,0.30709359939049924
vit_l_16,VisionTransformer,75.85248964176219,0.3438921014424504
dinov2_vitg14,DINOv2,75.71597549952904,0.3333935544162469
vgg16,VGG,75.62001449857951,0.33918750879637094
dino_vits16,DINO,73.65047901925423,0.355088046682245
dinov2_vits14,DINOv2,72.96238137371694,0.30925890485542584
dinov2_vitb14,DINOv2,72.40525018892932,0.32400306110865656
