model,variant,iteration,macro_f1
dinov2_vits14,single_lr,1,73.21609246609418
dinov2_vits14,single_lr,2,71.46049676233011
dinov2_vits14,single_lr,3,73.94874327794388
dinov2_vits14,single_lr,4,74.52014533698434
dinov2_vits14,single_lr,5,73.93379251546702
dinov2_vits14,single_lr,6,72.79572609996605
dinov2_vits14,single_lr,7,71.41994184175738
dinov2_vits14,single_lr,8,72.68950110499757
dinov2_vits14,single_lr,9,74.36788149027048
dinov2_vits14,single_lr,10,74.98769093873406
dinov2_vits14,single_lr,11,73.65702446846988
dinov2_vits14,single_lr,12,74.11723796011853
dinov2_vits14,single_lr,13,71.9257448643453
dinov2_vits14,single_lr,14,68.69682411167075
dinov2_vits14,single_lr,15,72.62987299678947
dinov2_vits14,single_lr,16,74.41190047231939
dinov2_vits14,single_lr,17,74.63638339337012
dinov2_vits14,single_lr,18,74.37258333129031
dinov2_vits14,single_lr,19,75.8915736400526
dinov2_vits14,single_lr,20,73.7412170849112
dinov2_vits14,single_lr,21,74.12397427644298
dinov2_vits14,single_lr,22,73.37744397127952
dinov2_vits14,single_lr,23,72.95227315590225
dinov2_vits14,single_lr,24,71.70660047819986
dinov2_vits14,single_lr,25,72.16234030248499
dinov2_vits14,single_lr,26,71.29432087801852
dinov2_vits14,single_lr,27,73.8228068571277
dinov2_vits14,single_lr,28,71.21290371841683
dinov2_vits14,single_lr,29,71.14092223113396
dinov2_vits14,single_lr,30,75.30657584645022
dinov2_vits14,single_lr,31,72.57805470703791
dinov2_vits14,single_lr,32,71.00233527484609
dinov2_vits14,single_lr,33,72.18033963845603
dinov2_vits14,single_lr,34,75.49236929907342
dinov2_vits14,single_lr,35,70.66660059165034
dinov2_vits14,single_lr,36,72.681840293779
dinov2_vits14,single_lr,37,71.95880212934674
dinov2_vits14,single_lr,38,76.4780263988097
dinov2_vits14,single_lr,39,71.52141806387506
dinov2_vits14,single_lr,40,72.89016338564164
dinov2_vits14,single_lr,41,73.11346386777923
dinov2_vits14,single_lr,42,73.62851101713694
dinov2_vits14,single_lr,43,73.01066463913948
dinov2_vits14,single_lr,44,71.75226424925722
dinov2_vits14,single_lr,45,74.27419202130044
dinov2_vits14,single_lr,46,73.98611051392756
dinov2_vits14,single_lr,47,76.0744784426312
dinov2_vits14,single_lr,48,74.21698208789135
dinov2_vits14,single_lr,49,71.73325486207959
dinov2_vits14,single_lr,50,73.14040034514831
dinov2_vits14,single_lr,51,69.56057507478181
dinov2_vits14,single_lr,52,75.73703111988924
dinov2_vits14,single_lr,53,72.27233983525878
dinov2_vits14,single_lr,54,73.65817309980666
dinov2_vits14,single_lr,55,74.78707837894724
dinov2_vits14,single_lr,56,77.71475443572305
dinov2_vits14,single_lr,57,73.23341931196829
dinov2_vits14,single_lr,58,77.13457575843712
dinov2_vits14,single_lr,59,73.16909798964353
dinov2_vits14,single_lr,60,72.60423195601106
dinov2_vits14,single_lr,61,71.69908595578505
dinov2_vits14,single_lr,62,71.9559666195229
dinov2_vits14,single_lr,63,75.37743875793966
dinov2_vits14,single_lr,64,73.91482018472814
dinov2_vits14,single_lr,65,75.02863775704773
dinov2_vits14,single_lr,66,71.68929200835987
dinov2_vits14,single_lr,67,73.75487504070949
dinov2_vits14,single_lr,68,73.75975269546478
dinov2_vits14,single_lr,69,73.41569291244308
dinov2_vits14,single_lr,70,71.94877862594116
dinov2_vits14,single_lr,71,71.5600947582712
dinov2_vits14,single_lr,72,72.57698428539946
dinov2_vits14,single_lr,73,72.23259911426156
dinov2_vits14,single_lr,74,73.07316909789215
dinov2_vits14,single_lr,75,73.47236080054473
dinov2_vits14,single_lr,76,72.4584210383919
dinov2_vits14,single_lr,77,74.20380194387776
dinov2_vits14,single_lr,78,74.24580069485648
dinov2_vits14,single_lr,79,74.96286035436097
dinov2_vits14,single_lr,80,73.53006332197607
dinov2_vits14,single_lr,81,71.37900238611195
dinov2_vits14,single_lr,82,73.47957819369037
dinov2_vits14,single_lr,83,74.50332819874833
dinov2_vits14,single_lr,84,72.85530117607107
dinov2_vits14,single_lr,85,73.67575197158062
dinov2_vits14,single_lr,86,72.55302107268678
dinov2_vits14,single_lr,87,72.76856110569263
dinov2_vits14,single_lr,88,71.17495324151074
dinov2_vits14,single_lr,89,75.49500522077423
dinov2_vits14,single_lr,90,73.17534113968598
dinov2_vits14,single_lr,91,74.37929798488824
dinov2_vits14,single_lr,92,72.09923054904111
dinov2_vits14,single_lr,93,73.14404997354677
dinov2_vits14,single_lr,94,72.95321071015918
dinov2_vits14,single_lr,95,71.88552083455382
dinov2_vits14,single_lr,96,74.29719074926432
dinov2_vits14,single_lr,97,74.44030575982725
dinov2_vits14,single_lr,98,75.70965409653292
dinov2_vits14,single_lr,99,73.8347608011549
dinov2_vits14,single_lr,100,71.70100567126347
dinov2_vits14,discriminative_lr_seed42,1,82.69445146434748
dinov2_vits14,discriminative_lr_seed42,2,81.6677336560226
dinov2_vits14,discriminative_lr_seed42,3,84.22557880035724
dinov2_vits14,discriminative_lr_seed42,4,84.92006909881806
dinov2_vits14,discriminative_lr_seed42,5,81.68981036166998
dinov2_vits14,discriminative_lr_seed42,6,82.90410624530558
dinov2_vits14,discriminative_lr_seed42,7,83.39862173658703
dinov2_vits14,discriminative_lr_seed42,8,80.12512667840224
dinov2_vits14,discriminative_lr_seed42,9,81.89849172184549
dinov2_vits14,discriminative_lr_seed42,10,82.68671326612107
dinov2_vits14,discriminative_lr_seed42,11,83.59105242576
dinov2_vits14,discriminative_lr_seed42,12,82.83713033951369
dinov2_vits14,discriminative_lr_seed42,13,80.41934492517781
dinov2_vits14,discriminative_lr_seed42,14,82.87449312479845
dinov2_vits14,discriminative_lr_seed42,15,82.33559905264393
dinov2_vits14,discriminative_lr_seed42,16,84.44045756676029
dinov2_vits14,discriminative_lr_seed42,17,81.11483846820413
dinov2_vits14,discriminative_lr_seed42,18,82.46255573140874
dinov2_vits14,discriminative_lr_seed42,19,84.15824010802999
dinov2_vits14,discriminative_lr_seed42,20,82.93761227629513
dinov2_vits14,discriminative_lr_seed42,21,82.28417497241558
dinov2_vits14,discriminative_lr_seed42,22,82.06407283082547
dinov2_vits14,discriminative_lr_seed42,23,81.1258399203909
dinov2_vits14,discriminative_lr_seed42,24,82.001238574191
dinov2_vits14,discriminative_lr_seed42,25,82.60873713373773
dinov2_vits14,discriminative_lr_seed42,26,81.09892919785149
dinov2_vits14,discriminative_lr_seed42,27,80.89266012023342
dinov2_vits14,discriminative_lr_seed42,28,83.85204868802012
dinov2_vits14,discriminative_lr_seed42,29,82.2092962831993
dinov2_vits14,discriminative_lr_seed42,30,84.63473662972866
dinov2_vits14,discriminative_lr_seed42,31,82.45939272694987
dinov2_vits14,discriminative_lr_seed42,32,83.77205035738207
dinov2_vits14,discriminative_lr_seed42,33,82.3180594633636
dinov2_vits14,discriminative_lr_seed42,34,82.7545371356466
dinov2_vits14,discriminative_lr_seed42,35,83.7106042426292
dinov2_vits14,discriminative_lr_seed42,36,82.43950229385275
dinov2_vits14,discriminative_lr_seed42,37,82.76497852744752
dinov2_vits14,discriminative_lr_seed42,38,82.86809537457187
dinov2_vits14,discriminative_lr_seed42,39,82.87149985071076
dinov2_vits14,discriminative_lr_seed42,40,79.90338692400395
dinov2_vits14,discriminative_lr_seed42,41,82.53475426324752
dinov2_vits14,discriminative_lr_seed42,42,81.27326461040136
dinov2_vits14,discriminative_lr_seed42,43,81.61037591230054
dinov2_vits14,discriminative_lr_seed42,44,81.78060830159335
dinov2_vits14,discriminative_lr_seed42,45,85.49645265003461
dinov2_vits14,discriminative_lr_seed42,46,81.03442547660082
dinov2_vits14,discriminative_lr_seed42,47,84.55543696660453
dinov2_vits14,discriminative_lr_seed42,48,84.13435170331822
dinov2_vits14,discriminative_lr_seed42,49,81.13543290138009
dinov2_vits14,discriminative_lr_seed42,50,85.09187384535626
dinov2_vits14,discriminative_lr_seed42,51,81.67261345837105
dinov2_vits14,discriminative_lr_seed42,52,81.94166887849626
dinov2_vits14,discriminative_lr_seed42,53,82.93283304614214
dinov2_vits14,discriminative_lr_seed42,54,83.77563336479612
dinov2_vits14,discriminative_lr_seed42,55,88.44035469458974
dinov2_vits14,discriminative_lr_seed42,56,85.89328107996987
dinov2_vits14,discriminative_lr_seed42,57,85.79165902800447
dinov2_vits14,discriminative_lr_seed42,58,84.94506129064145
dinov2_vits14,discriminative_lr_seed42,59,80.66362818078174
dinov2_vits14,discriminative_lr_seed42,60,81.37970748619732
dinov2_vits14,discriminative_lr_seed42,61,82.68008952643451
dinov2_vits14,discriminative_lr_seed42,62,84.03494385113575
dinov2_vits14,discriminative_lr_seed42,63,82.20271580954855
dinov2_vits14,discriminative_lr_seed42,64,82.16696333466466
dinov2_vits14,discriminative_lr_seed42,65,83.1431891146844
dinov2_vits14,discriminative_lr_seed42,66,80.42207745175459
dinov2_vits14,discriminative_lr_seed42,67,82.99899237857345
dinov2_vits14,discriminative_lr_seed42,68,82.46265650836165
dinov2_vits14,discriminative_lr_seed42,69,82.47713961597431
dinov2_vits14,discriminative_lr_seed42,70,82.46291220934197
dinov2_vits14,discriminative_lr_seed42,71,81.23640830872534
dinov2_vits14,discriminative_lr_seed42,72,81.75737492258598
dinov2_vits14,discriminative_lr_seed42,73,80.53599818240768
dinov2_vits14,discriminative_lr_seed42,74,84.53032676204626
dinov2_vits14,discriminative_lr_seed42,75,84.72232218329314
dinov2_vits14,discriminative_lr_seed42,76,83.32108579619948
dinov2_vits14,discriminative_lr_seed42,77,82.59061444575727
dinov2_vits14,discriminative_lr_seed42,78,84.42095348098346
dinov2_vits14,discriminative_lr_seed42,79,82.81970709313829
dinov2_vits14,discriminative_lr_seed42,80,83.88737862761795
dinov2_vits14,discriminative_lr_seed42,81,82.36354388307774
dinov2_vits14,discriminative_lr_seed42,82,81.25343868013309
dinov2_vits14,discriminative_lr_seed42,83,82.76448733920724
dinov2_vits14,discriminative_lr_seed42,84,80.56119204562837
dinov2_vits14,discriminative_lr_seed42,85,82.84705151924825
dinov2_vits14,discriminative_lr_seed42,86,80.96221436648908
dinov2_vits14,discriminative_lr_seed42,87,82.00878363279554
dinov2_vits14,discriminative_lr_seed42,88,80.86888506259267
dinov2_vits14,discriminative_lr_seed42,89,81.663260009964
dinov2_vits14,discriminative_lr_seed42,90,82.64799193764397
dinov2_vits14,discriminative_lr_seed42,91,81.36943565553341
dinov2_vits14,discriminative_lr_seed42,92,80.28546636765272
dinov2_vits14,discriminative_lr_seed42,93,86.25061270295105
dinov2_vits14,discriminative_lr_seed42,94,82.30846888473313
dinov2_vits14,discriminative_lr_seed42,95,81.87417059439896
dinov2_vits14,discriminative_lr_seed42,96,84.41037656377428
dinov2_vits14,discriminative_lr_seed42,97,82.7497967565392
dinov2_vits14,discriminative_lr_seed42,98,82.04534502475134
dinov2_vits14,discriminative_lr_seed42,99,81.86932889811318
dinov2_vits14,discriminative_lr_seed42,100,83.19922769254575
dinov2_vits14,discriminative_lr_seed123,1,83.62627680623866
dinov2_vits14,discriminative_lr_seed123,2,82.7306491305412
dinov2_vits14,discriminative_lr_seed123,3,86.05073414286298
dinov2_vits14,discriminative_lr_seed123,4,86.73271076459382
dinov2_vits14,discriminative_lr_seed123,5,83.16714049316047
dinov2_vits14,discriminative_lr_seed123,6,83.39794862118232
dinov2_vits14,discriminative_lr_seed123,7,85.0824783251236
dinov2_vits14,discriminative_lr_seed123,8,81.69211395273224
dinov2_vits14,discriminative_lr_seed123,9,83.41756977209272
dinov2_vits14,discriminative_lr_seed123,10,84.33613389292064
dinov2_vits14,discriminative_lr_seed123,11,85.37935606893336
dinov2_vits14,discriminative_lr_seed123,12,83.83728617348986
dinov2_vits14,discriminative_lr_seed123,13,83.51247334362262
dinov2_vits14,discriminative_lr_seed123,14,84.86486119180779
dinov2_vits14,discriminative_lr_seed123,15,83.65188922470743
dinov2_vits14,discriminative_lr_seed123,16,85.66157573649492
dinov2_vits14,discriminative_lr_seed123,17,82.9598001022561
dinov2_vits14,discriminative_lr_seed123,18,84.01952683444085
dinov2_vits14,discriminative_lr_seed123,19,86.09582736254539
dinov2_vits14,discriminative_lr_seed123,20,84.566263705964
dinov2_vits14,discriminative_lr_seed123,21,85.09472039297854
dinov2_vits14,discriminative_lr_seed123,22,84.5475629378583
dinov2_vits14,discriminative_lr_seed123,23,83.0537173800732
dinov2_vits14,discriminative_lr_seed123,24,83.93471131569765
dinov2_vits14,discriminative_lr_seed123,25,84.83030818015986
dinov2_vits14,discriminative_lr_seed123,26,84.34097100636066
dinov2_vits14,discriminative_lr_seed123,27,81.68295828171402
dinov2_vits14,discriminative_lr_seed123,28,84.64380890047065
dinov2_vits14,discriminative_lr_seed123,29,85.83523314314385
dinov2_vits14,discriminative_lr_seed123,30,85.1131894104178
dinov2_vits14,discriminative_lr_seed123,31,84.16646968353943
dinov2_vits14,discriminative_lr_seed123,32,85.40993288786747
dinov2_vits14,discriminative_lr_seed123,33,83.87240697786716
dinov2_vits14,discriminative_lr_seed123,34,84.44872291417853
dinov2_vits14,discriminative_lr_seed123,35,86.55758610050775
dinov2_vits14,discriminative_lr_seed123,36,83.4930128576254
dinov2_vits14,discriminative_lr_seed123,37,83.18490634927198
dinov2_vits14,discriminative_lr_seed123,38,83.85842738884473
dinov2_vits14,discriminative_lr_seed123,39,84.90825036922045
dinov2_vits14,discriminative_lr_seed123,40,83.15723211185338
dinov2_vits14,discriminative_lr_seed123,41,85.91139234975786
dinov2_vits14,discriminative_lr_seed123,42,83.71007732194735
dinov2_vits14,discriminative_lr_seed123,43,82.123311220592
dinov2_vits14,discriminative_lr_seed123,44,84.33385620135886
dinov2_vits14,discriminative_lr_seed123,45,87.20154460883032
dinov2_vits14,discriminative_lr_seed123,46,84.65624974033081
dinov2_vits14,discriminative_lr_seed123,47,85.0843671882785
dinov2_vits14,discriminative_lr_seed123,48,85.90353169515109
dinov2_vits14,discriminative_lr_seed123,49,82.70903144187717
dinov2_vits14,discriminative_lr_seed123,50,87.48835577288754
dinov2_vits14,discriminative_lr_seed123,51,84.39135535271197
dinov2_vits14,discriminative_lr_seed123,52,84.72718556412588
dinov2_vits14,discriminative_lr_seed123,53,84.48235109865476
dinov2_vits14,discriminative_lr_seed123,54,83.92032574393218
dinov2_vits14,discriminative_lr_seed123,55,87.92514877290701
dinov2_vits14,discriminative_lr_seed123,56,87.2994742574195
dinov2_vits14,discriminative_lr_seed123,57,86.49698996205328
dinov2_vits14,discriminative_lr_seed123,58,85.36818419059472
dinov2_vits14,discriminative_lr_seed123,59,82.82381994414798
dinov2_vits14,discriminative_lr_seed123,60,83.11345497077967
dinov2_vits14,discriminative_lr_seed123,61,84.72731103721608
dinov2_vits14,discriminative_lr_seed123,62,84.5803425667737
dinov2_vits14,discriminative_lr_seed123,63,84.39951810699831
dinov2_vits14,discriminative_lr_seed123,64,83.53434072103298
dinov2_vits14,discriminative_lr_seed123,65,86.58584644296967
dinov2_vits14,discriminative_lr_seed123,66,82.91627046190459
dinov2_vits14,discriminative_lr_seed123,67,86.7662354291985
dinov2_vits14,discriminative_lr_seed123,68,85.53624584206378
dinov2_vits14,discriminative_lr_seed123,69,84.58042345438655
dinov2_vits14,discriminative_lr_seed123,70,84.72371997637168
dinov2_vits14,discriminative_lr_seed123,71,82.14279998043618
dinov2_vits14,discriminative_lr_seed123,72,82.0402985822345
dinov2_vits14,discriminative_lr_seed123,73,84.40115179102358
dinov2_vits14,discriminative_lr_seed123,74,84.9924282106466
dinov2_vits14,discriminative_lr_seed123,75,86.00316112143524
dinov2_vits14,discriminative_lr_seed123,76,84.20353483764866
dinov2_vits14,discriminative_lr_seed123,77,82.85263757289185
dinov2_vits14,discriminative_lr_seed123,78,86.65361478352776
dinov2_vits14,discriminative_lr_seed123,79,85.82655580843486
dinov2_vits14,discriminative_lr_seed123,80,84.88970793892716
dinov2_vits14,discriminative_lr_seed123,81,82.78286816946961
dinov2_vits14,discriminative_lr_seed123,82,83.51764415940488
dinov2_vits14,discriminative_lr_seed123,83,85.88025308931812
dinov2_vits14,discriminative_lr_seed123,84,80.94726918017253
dinov2_vits14,discriminative_lr_seed123,85,85.94071318642207
dinov2_vits14,discriminative_lr_seed123,86,82.15482749227388
dinov2_vits14,discriminative_lr_seed123,87,82.80435911599902
dinov2_vits14,discriminative_lr_seed123,88,81.8725713639848
dinov2_vits14,discriminative_lr_seed123,89,84.22615066794485
dinov2_vits14,discriminative_lr_seed123,90,83.30951907803195
dinov2_vits14,discriminative_lr_seed123,91,82.05521592452635
dinov2_vits14,discriminative_lr_seed123,92,81.78667637524501
dinov2_vits14,discriminative_lr_seed123,93,85.645270824641
dinov2_vits14,discriminative_lr_seed123,94,85.48120607589934
dinov2_vits14,discriminative_lr_seed123,95,84.05230983075637
dinov2_vits14,discriminative_lr_seed123,96,85.36130593668129
dinov2_vits14,discriminative_lr_seed123,97,83.60702883142443
dinov2_vits14,discriminative_lr_seed123,98,83.23806815205238
dinov2_vits14,discriminative_lr_seed123,99,83.69530909804837
dinov2_vits14,discriminative_lr_seed123,100,85.00060089129703
dinov2_vits14,discriminative_lr_seed7,1,82.41963949969816
dinov2_vits14,discriminative_lr_seed7,2,82.85149174172825
dinov2_vits14,discriminative_lr_seed7,3,85.30695840830819
dinov2_vits14,discriminative_lr_seed7,4,85.55985761185167
dinov2_vits14,discriminative_lr_seed7,5,83.55759756671401
dinov2_vits14,discriminative_lr_seed7,6,82.28838002365092
dinov2_vits14,discriminative_lr_seed7,7,85.62332516025066
dinov2_vits14,discriminative_lr_seed7,8,81.24589042386937
dinov2_vits14,discriminative_lr_seed7,9,82.18847590996685
dinov2_vits14,discriminative_lr_seed7,10,83.68272595112359
dinov2_vits14,discriminative_lr_seed7,11,84.492086509145
dinov2_vits14,discriminative_lr_seed7,12,83.84138677284112
dinov2_vits14,discriminative_lr_seed7,13,83.85489695092186
dinov2_vits14,discriminative_lr_seed7,14,83.9842860839465
dinov2_vits14,discriminative_lr_seed7,15,83.57047450525516
dinov2_vits14,discriminative_lr_seed7,16,85.31469698782384
dinov2_vits14,discriminative_lr_seed7,17,81.48264416761872
dinov2_vits14,discriminative_lr_seed7,18,82.48343748332474
dinov2_vits14,discriminative_lr_seed7,19,86.8082180534666
dinov2_vits14,discriminative_lr_seed7,20,84.07824802332486
dinov2_vits14,discriminative_lr_seed7,21,84.78818916069741
dinov2_vits14,discriminative_lr_seed7,22,83.04006300439649
dinov2_vits14,discriminative_lr_seed7,23,82.74063733844821
dinov2_vits14,discriminative_lr_seed7,24,83.06331482678951
dinov2_vits14,discriminative_lr_seed7,25,84.28149755052318
dinov2_vits14,discriminative_lr_seed7,26,83.09962608591168
dinov2_vits14,discriminative_lr_seed7,27,81.28153402925248
dinov2_vits14,discriminative_lr_seed7,28,83.50775581240653
dinov2_vits14,discriminative_lr_seed7,29,84.92895927142018
dinov2_vits14,discriminative_lr_seed7,30,84.09110708757177
dinov2_vits14,discriminative_lr_seed7,31,83.29929340677128
dinov2_vits14,discriminative_lr_seed7,32,84.64036169643205
dinov2_vits14,discriminative_lr_seed7,33,84.72727469172261
dinov2_vits14,discriminative_lr_seed7,34,82.63826296839143
dinov2_vits14,discriminative_lr_seed7,35,85.03439774729418
dinov2_vits14,discriminative_lr_seed7,36,83.491383023437
dinov2_vits14,discriminative_lr_seed7,37,82.8543551955621
dinov2_vits14,discriminative_lr_seed7,38,82.78483433786072
dinov2_vits14,discriminative_lr_seed7,39,85.2558202935381
dinov2_vits14,discriminative_lr_seed7,40,82.3839051940196
dinov2_vits14,discriminative_lr_seed7,41,85.3507782083313
dinov2_vits14,discriminative_lr_seed7,42,83.4117301502445
dinov2_vits14,discriminative_lr_seed7,43,81.3345394034749
dinov2_vits14,discriminative_lr_seed7,44,82.14658299107134
dinov2_vits14,discriminative_lr_seed7,45,85.35328002818596
dinov2_vits14,discriminative_lr_seed7,46,83.59736390694633
dinov2_vits14,discriminative_lr_seed7,47,84.94017313503956
dinov2_vits14,discriminative_lr_seed7,48,85.35953042980225
dinov2_vits14,discriminative_lr_seed7,49,83.30851304642326
dinov2_vits14,discriminative_lr_seed7,50,86.57552243103737
dinov2_vits14,discriminative_lr_seed7,51,84.77365067929827
dinov2_vits14,discriminative_lr_seed7,52,83.63607648446494
dinov2_vits14,discriminative_lr_seed7,53,84.56270432646447
dinov2_vits14,discriminative_lr_seed7,54,84.76525532057452
dinov2_vits14,discriminative_lr_seed7,55,87.75672898019575
dinov2_vits14,discriminative_lr_seed7,56,86.37689082643188
dinov2_vits14,discriminative_lr_seed7,57,86.19313011684896
dinov2_vits14,discriminative_lr_seed7,58,85.15163626187046
dinov2_vits14,discriminative_lr_seed7,59,82.85470060525847
dinov2_vits14,discriminative_lr_seed7,60,83.99822819005828
dinov2_vits14,discriminative_lr_seed7,61,82.60593012299667
dinov2_vits14,discriminative_lr_seed7,62,83.71743295091143
dinov2_vits14,discriminative_lr_seed7,63,84.27194577753666
dinov2_vits14,discriminative_lr_seed7,64,83.29270283650332
dinov2_vits14,discriminative_lr_seed7,65,85.24199171915853
dinov2_vits14,discriminative_lr_seed7,66,82.57931061356857
dinov2_vits14,discriminative_lr_seed7,67,86.15048679506697
dinov2_vits14,discriminative_lr_seed7,68,84.67901169377257
dinov2_vits14,discriminative_lr_seed7,69,84.13119576417989
dinov2_vits14,discriminative_lr_seed7,70,82.97518943351767
dinov2_vits14,discriminative_lr_seed7,71,83.51520165761775
dinov2_vits14,discriminative_lr_seed7,72,82.5052853436564
dinov2_vits14,discriminative_lr_seed7,73,83.50193518994294
dinov2_vits14,discriminative_lr_seed7,74,85.63032665000605
dinov2_vits14,discriminative_lr_seed7,75,85.81516471180393
dinov2_vits14,discriminative_lr_seed7,76,85.163679223812
dinov2_vits14,discriminative_lr_seed7,77,84.02464110221115
dinov2_vits14,discriminative_lr_seed7,78,85.95239253592601
dinov2_vits14,discriminative_lr_seed7,79,83.92608417678167
dinov2_vits14,discriminative_lr_seed7,80,84.79883678330829
dinov2_vits14,discriminative_lr_seed7,81,83.07819137565376
dinov2_vits14,discriminative_lr_seed7,82,82.04217838895758
dinov2_vits14,discriminative_lr_seed7,83,85.53833619037768
dinov2_vits14,discriminative_lr_seed7,84,82.01386936357811
dinov2_vits14,discriminative_lr_seed7,85,82.92680335503002
dinov2_vits14,discriminative_lr_seed7,86,82.5231636614018
dinov2_vits14,discriminative_lr_seed7,87,83.21210679730939
dinov2_vits14,discriminative_lr_seed7,88,81.76348853181416
dinov2_vits14,discriminative_lr_seed7,89,83.33959898798405
dinov2_vits14,discriminative_lr_seed7,90,83.08011392155555
dinov2_vits14,discriminative_lr_seed7,91,80.76810887784355
dinov2_vits14,discriminative_lr_seed7,92,81.88206240629863
dinov2_vits14,discriminative_lr_seed7,93,86.030132646461
dinov2_vits14,discriminative_lr_seed7,94,85.13860055584782
dinov2_vits14,discriminative_lr_seed7,95,84.20164206574646
dinov2_vits14,discriminative_lr_seed7,96,85.6124041094603
dinov2_vits14,discriminative_lr_seed7,97,83.30359767682862
dinov2_vits14,discriminative_lr_seed7,98,82.53139748482442
dinov2_vits14,discriminative_lr_seed7,99,84.04840915210592
dinov2_vits14,discriminative_lr_seed7,100,85.00840511807668
dinov2_vitg14,single_lr,1,77.27287121557389
dinov2_vitg14,single_lr,2,72.50618567482535
dinov2_vitg14,single_lr,3,78.5190116695253
dinov2_vitg14,single_lr,4,76.0400092449588
dinov2_vitg14,single_lr,5,76.30564383683323
dinov2_vitg14,single_lr,6,74.05620274160455
dinov2_vitg14,single_lr,7,75.41680821224897
dinov2_vitg14,single_lr,8,74.33808063542847
dinov2_vitg14,single_lr,9,77.35504804854092
dinov2_vitg14,single_lr,10,73.9476399892336
dinov2_vitg14,single_lr,11,76.7455254911532
dinov2_vitg14,single_lr,12,75.60076605306712
dinov2_vitg14,single_lr,13,76.73225789306966
dinov2_vitg14,single_lr,14,76.76980697661662
dinov2_vitg14,single_lr,15,78.37172225041179
dinov2_vitg14,single_lr,16,78.35947817899472
dinov2_vitg14,single_lr,17,75.83753886700408
dinov2_vitg14,single_lr,18,74.3013929127658
dinov2_vitg14,single_lr,19,78.25542460847488
dinov2_vitg14,single_lr,20,75.81243899073525
dinov2_vitg14,single_lr,21,76.4241035585907
dinov2_vitg14,single_lr,22,75.15631535106631
dinov2_vitg14,single_lr,23,77.9485373247482
dinov2_vitg14,single_lr,24,73.99170484195054
dinov2_vitg14,single_lr,25,74.44759432585076
dinov2_vitg14,single_lr,26,75.22498005937075
dinov2_vitg14,single_lr,27,75.13380804912661
dinov2_vitg14,single_lr,28,73.47241086588556
dinov2_vitg14,single_lr,29,77.3303334855629
dinov2_vitg14,single_lr,30,79.02077455083332
dinov2_vitg14,single_lr,31,76.92324079133947
dinov2_vitg14,single_lr,32,76.98844269224301
dinov2_vitg14,single_lr,33,76.23327898529303
dinov2_vitg14,single_lr,34,81.26992007787233
dinov2_vitg14,single_lr,35,79.03078559458817
dinov2_vitg14,single_lr,36,78.4872818077178
dinov2_vitg14,single_lr,37,75.90609769686715
dinov2_vitg14,single_lr,38,77.99436846500122
dinov2_vitg14,single_lr,39,74.83740695368567
dinov2_vitg14,single_lr,40,75.74169850068937
dinov2_vitg14,single_lr,41,78.66667910361336
dinov2_vitg14,single_lr,42,75.07089385953643
dinov2_vitg14,single_lr,43,76.40269285515643
dinov2_vitg14,single_lr,44,79.3502465784951
dinov2_vitg14,single_lr,45,77.13171992506031
dinov2_vitg14,single_lr,46,74.20193824701104
dinov2_vitg14,single_lr,47,79.3737815071827
dinov2_vitg14,single_lr,48,76.50044871819065
dinov2_vitg14,single_lr,49,75.81665112533251
dinov2_vitg14,single_lr,50,77.00956114089782
dinov2_vitg14,single_lr,51,76.74408549358837
dinov2_vitg14,single_lr,52,76.59102942171425
dinov2_vitg14,single_lr,53,77.43486254052954
dinov2_vitg14,single_lr,54,78.58891337168401
dinov2_vitg14,single_lr,55,80.70186053792469
dinov2_vitg14,single_lr,56,79.25447305077637
dinov2_vitg14,single_lr,57,79.15964740729534
dinov2_vitg14,single_lr,58,80.79036616766096
dinov2_vitg14,single_lr,59,74.59082918001123
dinov2_vitg14,single_lr,60,74.55450133305776
dinov2_vitg14,single_lr,61,73.0991576422863
dinov2_vitg14,single_lr,62,76.15049267031966
dinov2_vitg14,single_lr,63,75.57473452595123
dinov2_vitg14,single_lr,64,75.31763779310639
dinov2_vitg14,single_lr,65,79.0827152683575
dinov2_vitg14,single_lr,66,74.51291148328775
dinov2_vitg14,single_lr,67,74.85954444422262
dinov2_vitg14,single_lr,68,75.54596429968575
dinov2_vitg14,single_lr,69,73.86025989299925
dinov2_vitg14,single_lr,70,77.78120018326746
dinov2_vitg14,single_lr,71,73.9621759286573
dinov2_vitg14,single_lr,72,75.35838378569856
dinov2_vitg14,single_lr,73,74.77959715096875
dinov2_vitg14,single_lr,74,74.35904503605728
dinov2_vitg14,single_lr,75,76.92757855593013
dinov2_vitg14,single_lr,76,75.89006606526989
dinov2_vitg14,single_lr,77,76.62076631247183
dinov2_vitg14,single_lr,78,77.44710932867409
dinov2_vitg14,single_lr,79,74.84520203186165
dinov2_vitg14,single_lr,80,80.06875035484417
dinov2_vitg14,single_lr,81,76.00585691276913
dinov2_vitg14,single_lr,82,75.7429714383396
dinov2_vitg14,single_lr,83,76.31897149427292
dinov2_vitg14,single_lr,84,74.64433785237526
dinov2_vitg14,single_lr,85,75.2096705839542
dinov2_vitg14,single_lr,86,77.76351181793359
dinov2_vitg14,single_lr,87,75.33085353475927
dinov2_vitg14,single_lr,88,77.23967463325289
dinov2_vitg14,single_lr,89,75.98723140912186
dinov2_vitg14,single_lr,90,75.82153506730201
dinov2_vitg14,single_lr,91,75.97173103461758
dinov2_vitg14,single_lr,92,74.33041108071747
dinov2_vitg14,single_lr,93,78.97304792400854
dinov2_vitg14,single_lr,94,77.03923230314469
dinov2_vitg14,single_lr,95,77.5050544223434
dinov2_vitg14,single_lr,96,78.1393350199718
dinov2_vitg14,single_lr,97,77.14924041846349
dinov2_vitg14,single_lr,98,75.82023187291561
dinov2_vitg14,single_lr,99,76.88815384388418
dinov2_vitg14,single_lr,100,76.03531519590156
dinov2_vitg14,discriminative_lr_seed42,1,85.1845997834304
dinov2_vitg14,discriminative_lr_seed42,2,83.7044367606171
dinov2_vitg14,discriminative_lr_seed42,3,86.37336019650961
dinov2_vitg14,discriminative_lr_seed42,4,87.95606652121496
dinov2_vitg14,discriminative_lr_seed42,5,86.8467188010454
dinov2_vitg14,discriminative_lr_seed42,6,85.60734375025501
dinov2_vitg14,discriminative_lr_seed42,7,86.18631793915831
dinov2_vitg14,discriminative_lr_seed42,8,85.25930400473428
dinov2_vitg14,discriminative_lr_seed42,9,84.57612519772441
dinov2_vitg14,discriminative_lr_seed42,10,85.29003260805139
dinov2_vitg14,discriminative_lr_seed42,11,84.21454364611051
dinov2_vitg14,discriminative_lr_seed42,12,85.97152044586763
dinov2_vitg14,discriminative_lr_seed42,13,83.28026050507967
dinov2_vitg14,discriminative_lr_seed42,14,85.17397077658924
dinov2_vitg14,discriminative_lr_seed42,15,87.00317362670742
dinov2_vitg14,discriminative_lr_seed42,16,85.36522331172407
dinov2_vitg14,discriminative_lr_seed42,17,84.573604967973
dinov2_vitg14,discriminative_lr_seed42,18,86.86762814028305
dinov2_vitg14,discriminative_lr_seed42,19,88.96248444604426
dinov2_vitg14,discriminative_lr_seed42,20,84.31256549812917
dinov2_vitg14,discriminative_lr_seed42,21,86.31247283409698
dinov2_vitg14,discriminative_lr_seed42,22,84.37774674790461
dinov2_vitg14,discriminative_lr_seed42,23,87.11435600525381
dinov2_vitg14,discriminative_lr_seed42,24,85.51100593734955
dinov2_vitg14,discriminative_lr_seed42,25,82.65126283641551
dinov2_vitg14,discriminative_lr_seed42,26,82.87151938202692
dinov2_vitg14,discriminative_lr_seed42,27,83.63603863683711
dinov2_vitg14,discriminative_lr_seed42,28,83.8902494685813
dinov2_vitg14,discriminative_lr_seed42,29,85.74716352432307
dinov2_vitg14,discriminative_lr_seed42,30,87.8124324921532
dinov2_vitg14,discriminative_lr_seed42,31,87.36558181509535
dinov2_vitg14,discriminative_lr_seed42,32,85.44241030369734
dinov2_vitg14,discriminative_lr_seed42,33,86.53757519768817
dinov2_vitg14,discriminative_lr_seed42,34,87.53352988518088
dinov2_vitg14,discriminative_lr_seed42,35,86.54476454301185
dinov2_vitg14,discriminative_lr_seed42,36,85.71000979116945
dinov2_vitg14,discriminative_lr_seed42,37,82.7557673142325
dinov2_vitg14,discriminative_lr_seed42,38,85.64834413593123
dinov2_vitg14,discriminative_lr_seed42,39,85.07309520956451
dinov2_vitg14,discriminative_lr_seed42,40,85.19183583653583
dinov2_vitg14,discriminative_lr_seed42,41,84.09647224834104
dinov2_vitg14,discriminative_lr_seed42,42,85.62123621279983
dinov2_vitg14,discriminative_lr_seed42,43,84.36926680245801
dinov2_vitg14,discriminative_lr_seed42,44,84.84732692514424
dinov2_vitg14,discriminative_lr_seed42,45,85.77947986216778
dinov2_vitg14,discriminative_lr_seed42,46,85.4763753842713
dinov2_vitg14,discriminative_lr_seed42,47,89.53093063286916
dinov2_vitg14,discriminative_lr_seed42,48,87.89166095252972
dinov2_vitg14,discriminative_lr_seed42,49,85.38597704372823
dinov2_vitg14,discriminative_lr_seed42,50,85.79249558424439
dinov2_vitg14,discriminative_lr_seed42,51,84.70142474445426
dinov2_vitg14,discriminative_lr_seed42,52,85.13989841745808
dinov2_vitg14,discriminative_lr_seed42,53,84.66201771672395
dinov2_vitg14,discriminative_lr_seed42,54,87.55037605722418
dinov2_vitg14,discriminative_lr_seed42,55,88.18994021386722
dinov2_vitg14,discriminative_lr_seed42,56,87.42524887359143
dinov2_vitg14,discriminative_lr_seed42,57,87.67795977489908
dinov2_vitg14,discriminative_lr_seed42,58,86.54173204742392
dinov2_vitg14,discriminative_lr_seed42,59,83.99993263965449
dinov2_vitg14,discriminative_lr_seed42,60,85.11462030818005
dinov2_vitg14,discriminative_lr_seed42,61,87.06520722461093
dinov2_vitg14,discriminative_lr_seed42,62,83.3386655418795
dinov2_vitg14,discriminative_lr_seed42,63,86.82542209527979
dinov2_vitg14,discriminative_lr_seed42,64,84.31450853387562
dinov2_vitg14,discriminative_lr_seed42,65,84.78762582029123
dinov2_vitg14,discriminative_lr_seed42,66,82.45856769716603
dinov2_vitg14,discriminative_lr_seed42,67,85.92150101021502
dinov2_vitg14,discriminative_lr_seed42,68,84.93563590633804
dinov2_vitg14,discriminative_lr_seed42,69,85.9245012396191
dinov2_vitg14,discriminative_lr_seed42,70,84.52565781838966
dinov2_vitg14,discriminative_lr_seed42,71,81.3677298435504
dinov2_vitg14,discriminative_lr_seed42,72,84.73178792124803
dinov2_vitg14,discriminative_lr_seed42,73,83.97156181876339
dinov2_vitg14,discriminative_lr_seed42,74,87.43532028424849
dinov2_vitg14,discriminative_lr_seed42,75,86.87761865574267
dinov2_vitg14,discriminative_lr_seed42,76,87.16969057288632
dinov2_vitg14,discriminative_lr_seed42,77,86.21958649133079
dinov2_vitg14,discriminative_lr_seed42,78,89.15771786057823
dinov2_vitg14,discriminative_lr_seed42,79,85.57585770759255
dinov2_vitg14,discriminative_lr_seed42,80,88.16025954427448
dinov2_vitg14,discriminative_lr_seed42,81,84.12285702605476
dinov2_vitg14,discriminative_lr_seed42,82,86.17987142238091
dinov2_vitg14,discriminative_lr_seed42,83,85.58459665938769
dinov2_vitg14,discriminative_lr_seed42,84,84.07531051866187
dinov2_vitg14,discriminative_lr_seed42,85,86.57249811231083
dinov2_vitg14,discriminative_lr_seed42,86,86.72138713770266
dinov2_vitg14,discriminative_lr_seed42,87,85.86465224553059
dinov2_vitg14,discriminative_lr_seed42,88,84.37204419013855
dinov2_vitg14,discriminative_lr_seed42,89,83.07937822332123
dinov2_vitg14,discriminative_lr_seed42,90,83.22529651662522
dinov2_vitg14,discriminative_lr_seed42,91,83.42797504262171
dinov2_vitg14,discriminative_lr_seed42,92,84.00482524227375
dinov2_vitg14,discriminative_lr_seed42,93,86.94320103428839
dinov2_vitg14,discriminative_lr_seed42,94,85.84650690686544
dinov2_vitg14,discriminative_lr_seed42,95,85.45348528390164
dinov2_vitg14,discriminative_lr_seed42,96,86.88344318708351
dinov2_vitg14,discriminative_lr_seed42,97,85.5035974994702
dinov2_vitg14,discriminative_lr_seed42,98,82.7655951221473
dinov2_vitg14,discriminative_lr_seed42,99,86.55911119170445
dinov2_vitg14,discriminative_lr_seed42,100,87.03418297376196
dinov2_vitg14,discriminative_lr_seed123,1,84.01272878981679
dinov2_vitg14,discriminative_lr_seed123,2,84.13335484647916
dinov2_vitg14,discriminative_lr_seed123,3,85.50867270286705
dinov2_vitg14,discriminative_lr_seed123,4,85.2438351448832
dinov2_vitg14,discriminative_lr_seed123,5,84.51782218388608
dinov2_vitg14,discriminative_lr_seed123,6,85.71863521845191
dinov2_vitg14,discriminative_lr_seed123,7,84.84786833460277
dinov2_vitg14,discriminative_lr_seed123,8,85.33312482830526
dinov2_vitg14,discriminative_lr_seed123,9,81.72914740860243
dinov2_vitg14,discriminative_lr_seed123,10,83.67712489571555
dinov2_vitg14,discriminative_lr_seed123,11,84.3016841276699
dinov2_vitg14,discriminative_lr_seed123,12,85.2738732971192
dinov2_vitg14,discriminative_lr_seed123,13,85.8795456265307
dinov2_vitg14,discriminative_lr_seed123,14,84.92366804739446
dinov2_vitg14,discriminative_lr_seed123,15,87.78680869294291
dinov2_vitg14,discriminative_lr_seed123,16,84.15249480974335
dinov2_vitg14,discriminative_lr_seed123,17,83.67969139421805
dinov2_vitg14,discriminative_lr_seed123,18,85.89251478546196
dinov2_vitg14,discriminative_lr_seed123,19,86.43617637769296
dinov2_vitg14,discriminative_lr_seed123,20,83.6040542974091
dinov2_vitg14,discriminative_lr_seed123,21,85.32034010122238
dinov2_vitg14,discriminative_lr_seed123,22,83.77454239955998
dinov2_vitg14,discriminative_lr_seed123,23,85.93958894085469
dinov2_vitg14,discriminative_lr_seed123,24,84.67963893213957
dinov2_vitg14,discriminative_lr_seed123,25,84.56273225232593
dinov2_vitg14,discriminative_lr_seed123,26,83.88239094761836
dinov2_vitg14,discriminative_lr_seed123,27,83.20005796267395
dinov2_vitg14,discriminative_lr_seed123,28,85.78430203634382
dinov2_vitg14,discriminative_lr_seed123,29,84.42425666613255
dinov2_vitg14,discriminative_lr_seed123,30,88.8713135784127
dinov2_vitg14,discriminative_lr_seed123,31,85.34286470138942
dinov2_vitg14,discriminative_lr_seed123,32,84.45737191224734
dinov2_vitg14,discriminative_lr_seed123,33,84.45789942845356
dinov2_vitg14,discriminative_lr_seed123,34,84.79096129139963
dinov2_vitg14,discriminative_lr_seed123,35,85.96402717450772
dinov2_vitg14,discriminative_lr_seed123,36,84.46071539042846
dinov2_vitg14,discriminative_lr_seed123,37,81.66892915795464
dinov2_vitg14,discriminative_lr_seed123,38,85.10154907690999
dinov2_vitg14,discriminative_lr_seed123,39,82.72386416225524
dinov2_vitg14,discriminative_lr_seed123,40,84.47018025595241
dinov2_vitg14,discriminative_lr_seed123,41,84.74730445456203
dinov2_vitg14,discriminative_lr_seed123,42,85.01066662988649
dinov2_vitg14,discriminative_lr_seed123,43,82.93673744511572
dinov2_vitg14,discriminative_lr_seed123,44,84.08491820083592
dinov2_vitg14,discriminative_lr_seed123,45,84.26890085733739
dinov2_vitg14,discriminative_lr_seed123,46,83.55799122086883
dinov2_vitg14,discriminative_lr_seed123,47,85.96211611518112
dinov2_vitg14,discriminative_lr_seed123,48,85.52037864744891
dinov2_vitg14,discriminative_lr_seed123,49,83.84011151214675
dinov2_vitg14,discriminative_lr_seed123,50,82.81096950899595
dinov2_vitg14,discriminative_lr_seed123,51,84.52179180008817
dinov2_vitg14,discriminative_lr_seed123,52,86.6727590830572
dinov2_vitg14,discriminative_lr_seed123,53,85.42929083360087
dinov2_vitg14,discriminative_lr_seed123,54,87.05235038078364
dinov2_vitg14,discriminative_lr_seed123,55,87.20454878101552
dinov2_vitg14,discriminative_lr_seed123,56,87.59686027200246
dinov2_vitg14,discriminative_lr_seed123,57,86.22505378716315
dinov2_vitg14,discriminative_lr_seed123,58,85.39967017561672
dinov2_vitg14,discriminative_lr_seed123,59,84.2606787479371
dinov2_vitg14,discriminative_lr_seed123,60,85.63990301708151
dinov2_vitg14,discriminative_lr_seed123,61,84.99739526667787
dinov2_vitg14,discriminative_lr_seed123,62,83.5968033347554
dinov2_vitg14,discriminative_lr_seed123,63,87.31164687818719
dinov2_vitg14,discriminative_lr_seed123,64,82.06520522735622
dinov2_vitg14,discriminative_lr_seed123,65,84.14827070218172
dinov2_vitg14,discriminative_lr_seed123,66,82.65374483224312
dinov2_vitg14,discriminative_lr_seed123,67,84.7031080945194
dinov2_vitg14,discriminative_lr_seed123,68,85.3357259353297
dinov2_vitg14,discriminative_lr_seed123,69,83.37624297941902
dinov2_vitg14,discriminative_lr_seed123,70,83.71945107568972
dinov2_vitg14,discriminative_lr_seed123,71,79.69785366250875
dinov2_vitg14,discriminative_lr_seed123,72,84.36135229723043
dinov2_vitg14,discriminative_lr_seed123,73,84.84652502018066
dinov2_vitg14,discriminative_lr_seed123,74,87.05249949930784
dinov2_vitg14,discriminative_lr_seed123,75,85.44931644632875
dinov2_vitg14,discriminative_lr_seed123,76,85.1504355788391
dinov2_vitg14,discriminative_lr_seed123,77,86.00668084965889
dinov2_vitg14,discriminative_lr_seed123,78,87.11591992824205
dinov2_vitg14,discriminative_lr_seed123,79,85.58732571306234
dinov2_vitg14,discriminative_lr_seed123,80,86.84799622969362
dinov2_vitg14,discriminative_lr_seed123,81,86.12299832684124
dinov2_vitg14,discriminative_lr_seed123,82,86.24307092379937
dinov2_vitg14,discriminative_lr_seed123,83,87.16530102995533
dinov2_vitg14,discriminative_lr_seed123,84,82.49270194825755
dinov2_vitg14,discriminative_lr_seed123,85,84.89975886234673
dinov2_vitg14,discriminative_lr_seed123,86,83.36619682267784
dinov2_vitg14,discriminative_lr_seed123,87,82.55855601328726
dinov2_vitg14,discriminative_lr_seed123,88,84.14591348449837
dinov2_vitg14,discriminative_lr_seed123,89,85.62854661924332
dinov2_vitg14,discriminative_lr_seed123,90,84.53162930644376
dinov2_vitg14,discriminative_lr_seed123,91,84.61688408346346
dinov2_vitg14,discriminative_lr_seed123,92,81.10063169511889
dinov2_vitg14,discriminative_lr_seed123,93,85.35894585120285
dinov2_vitg14,discriminative_lr_seed123,94,86.08147254438805
dinov2_vitg14,discriminative_lr_seed123,95,84.80722569650649
dinov2_vitg14,discriminative_lr_seed123,96,86.72472520332985
dinov2_vitg14,discriminative_lr_seed123,97,85.31530223731687
dinov2_vitg14,discriminative_lr_seed123,98,83.57015960832996
dinov2_vitg14,discriminative_lr_seed123,99,85.01786652999326
dinov2_vitg14,discriminative_lr_seed123,100,86.63961616912957
dinov2_vitg14,discriminative_lr_seed7,1,82.8938045158911
dinov2_vitg14,discriminative_lr_seed7,2,84.12799975678507
dinov2_vitg14,discriminative_lr_seed7,3,86.2049479631079
dinov2_vitg14,discriminative_lr_seed7,4,86.91514680380497
dinov2_vitg14,discriminative_lr_seed7,5,87.15243312274144
dinov2_vitg14,discriminative_lr_seed7,6,85.5035757914813
dinov2_vitg14,discriminative_lr_seed7,7,86.77776570673899
dinov2_vitg14,discriminative_lr_seed7,8,84.22814491223762
dinov2_vitg14,discriminative_lr_seed7,9,83.21814610029426
dinov2_vitg14,discriminative_lr_seed7,10,85.11536018285744
dinov2_vitg14,discriminative_lr_seed7,11,83.93370663162432
dinov2_vitg14,discriminative_lr_seed7,12,84.65448569281224
dinov2_vitg14,discriminative_lr_seed7,13,83.98672733658357
dinov2_vitg14,discriminative_lr_seed7,14,84.48572241098125
dinov2_vitg14,discriminative_lr_seed7,15,85.95318824153651
dinov2_vitg14,discriminative_lr_seed7,16,85.44984640804283
dinov2_vitg14,discriminative_lr_seed7,17,83.08108231861053
dinov2_vitg14,discriminative_lr_seed7,18,84.66661102253569
dinov2_vitg14,discriminative_lr_seed7,19,86.25497801782666
dinov2_vitg14,discriminative_lr_seed7,20,85.18778758736472
dinov2_vitg14,discriminative_lr_seed7,21,85.69934120486174
dinov2_vitg14,discriminative_lr_seed7,22,84.08905252724428
dinov2_vitg14,discriminative_lr_seed7,23,86.02456232290521
dinov2_vitg14,discriminative_lr_seed7,24,84.73689884693185
dinov2_vitg14,discriminative_lr_seed7,25,84.95893675018567
dinov2_vitg14,discriminative_lr_seed7,26,84.41517821523449
dinov2_vitg14,discriminative_lr_seed7,27,83.36305019805394
dinov2_vitg14,discriminative_lr_seed7,28,85.93595973316897
dinov2_vitg14,discriminative_lr_seed7,29,85.24564167089366
dinov2_vitg14,discriminative_lr_seed7,30,86.14889167201278
dinov2_vitg14,discriminative_lr_seed7,31,86.15334136935591
dinov2_vitg14,discriminative_lr_seed7,32,86.374695260078
dinov2_vitg14,discriminative_lr_seed7,33,86.3758590284858
dinov2_vitg14,discriminative_lr_seed7,34,84.95975693702252
dinov2_vitg14,discriminative_lr_seed7,35,87.2412347131597
dinov2_vitg14,discriminative_lr_seed7,36,85.08821028739189
dinov2_vitg14,discriminative_lr_seed7,37,84.0368471264874
dinov2_vitg14,discriminative_lr_seed7,38,84.99565041929802
dinov2_vitg14,discriminative_lr_seed7,39,84.80302416371963
dinov2_vitg14,discriminative_lr_seed7,40,84.86854003872828
dinov2_vitg14,discriminative_lr_seed7,41,84.8548792268732
dinov2_vitg14,discriminative_lr_seed7,42,86.0154162202734
dinov2_vitg14,discriminative_lr_seed7,43,82.37705969953923
dinov2_vitg14,discriminative_lr_seed7,44,84.72928752810063
dinov2_vitg14,discriminative_lr_seed7,45,85.70388227277815
dinov2_vitg14,discriminative_lr_seed7,46,85.94578539154261
dinov2_vitg14,discriminative_lr_seed7,47,85.53660206409252
dinov2_vitg14,discriminative_lr_seed7,48,87.25599130383888
dinov2_vitg14,discriminative_lr_seed7,49,85.02133301188121
dinov2_vitg14,discriminative_lr_seed7,50,86.42166636304992
dinov2_vitg14,discriminative_lr_seed7,51,86.12987649430384
dinov2_vitg14,discriminative_lr_seed7,52,86.69762987011146
dinov2_vitg14,discriminative_lr_seed7,53,85.99677941899337
dinov2_vitg14,discriminative_lr_seed7,54,86.39304000419754
dinov2_vitg14,discriminative_lr_seed7,55,88.59758766319968
dinov2_vitg14,discriminative_lr_seed7,56,88.36264440670959
dinov2_vitg14,discriminative_lr_seed7,57,87.50739888910944
dinov2_vitg14,discriminative_lr_seed7,58,87.73641258101566
dinov2_vitg14,discriminative_lr_seed7,59,85.68301666086171
dinov2_vitg14,discriminative_lr_seed7,60,86.0618202007974
dinov2_vitg14,discriminative_lr_seed7,61,85.89150760275336
dinov2_vitg14,discriminative_lr_seed7,62,85.69546660097508
dinov2_vitg14,discriminative_lr_seed7,63,86.60999858277793
dinov2_vitg14,discriminative_lr_seed7,64,85.23081081277284
dinov2_vitg14,discriminative_lr_seed7,65,84.95020667443947
dinov2_vitg14,discriminative_lr_seed7,66,82.22213817913142
dinov2_vitg14,discriminative_lr_seed7,67,85.80378189787945
dinov2_vitg14,discriminative_lr_seed7,68,85.70630403413993
dinov2_vitg14,discriminative_lr_seed7,69,86.35453276496563
dinov2_vitg14,discriminative_lr_seed7,70,85.44237368361694
dinov2_vitg14,discriminative_lr_seed7,71,82.96779700376987
dinov2_vitg14,discriminative_lr_seed7,72,85.43971643761631
dinov2_vitg14,discriminative_lr_seed7,73,83.40906166373088
dinov2_vitg14,discriminative_lr_seed7,74,87.24119042188741
dinov2_vitg14,discriminative_lr_seed7,75,86.11796926803137
dinov2_vitg14,discriminative_lr_seed7,76,86.54217215769854
dinov2_vitg14,discriminative_lr_seed7,77,85.9544812952772
dinov2_vitg14,discriminative_lr_seed7,78,88.24001256180942
dinov2_vitg14,discriminative_lr_seed7,79,86.06738098463717
dinov2_vitg14,discriminative_lr_seed7,80,88.89204539484945
dinov2_vitg14,discriminative_lr_seed7,81,85.67195153201868
dinov2_vitg14,discriminative_lr_seed7,82,84.6149310392267
dinov2_vitg14,discriminative_lr_seed7,83,86.98853077946131
dinov2_vitg14,discriminative_lr_seed7,84,85.33873430838909
dinov2_vitg14,discriminative_lr_seed7,85,85.09315329730703
dinov2_vitg14,discriminative_lr_seed7,86,84.64973172088189
dinov2_vitg14,discriminative_lr_seed7,87,86.24523359248151
dinov2_vitg14,discriminative_lr_seed7,88,85.84971084499236
dinov2_vitg14,discriminative_lr_seed7,89,85.29399837264008
dinov2_vitg14,discriminative_lr_seed7,90,85.56781524365697
dinov2_vitg14,discriminative_lr_seed7,91,82.69716212624915
dinov2_vitg14,discriminative_lr_seed7,92,83.93391495520856
dinov2_vitg14,discriminative_lr_seed7,93,87.65541914361717
dinov2_vitg14,discriminative_lr_seed7,94,86.54724469101545
dinov2_vitg14,discriminative_lr_seed7,95,87.18351931878239
dinov2_vitg14,discriminative_lr_seed7,96,87.47349833737435
dinov2_vitg14,discriminative_lr_seed7,97,84.90353856740383
dinov2_vitg14,discriminative_lr_seed7,98,82.38858548096503
dinov2_vitg14,discriminative_lr_seed7,99,85.10537792744135
dinov2_vitg14,discriminative_lr_seed7,100,87.26114163683188
